"","date","Group","site","status","replicate","complexity","algal.cover","depth","x0","x70","x80","x20","x55","x65","x50","x60","x75","x45","x85","x30","x90","x40","x100"
"1",2021-02-07,1,"Geordie  Bay","Out",1,1,"turf and Ecklonia",2.5,"1","0","0","0","0","0","0","0","0","0","0","0","0","0","0"
"2",2021-02-07,1,"Geordie  Bay","Out",2,2,"turf",2.5,"1","0","0","0","0","0","0","0","0","0","0","0","0","0","0"
"3",2021-02-07,1,"Geordie  Bay","Out",3,3,"turf",3,"1","0","0","0","0","0","0","0","0","0","0","0","0","0","0"
"4",2021-02-07,1,"Geordie  Bay","Out",4,3,"turf",3,"1","0","0","0","0","0","0","0","0","0","0","0","0","0","0"
"5",2021-02-07,1,"Geordie  Bay","Out",5,2,"turf",2,"1","0","0","0","0","0","0","0","0","0","0","0","0","0","0"
"6",2021-02-07,1,"Geordie  Bay","Out",6,2,"turf",2,"1","0","0","0","0","0","0","0","0","0","0","0","0","0","0"
"7",2021-02-07,1,"Geordie  Bay","Out",7,2,"turf",1.5,"1","0","0","0","0","0","0","0","0","0","0","0","0","0","0"
"8",2021-02-07,1,"Geordie  Bay","Out",8,1,"turf",1.5,"1","0","0","0","0","0","0","0","0","0","0","0","0","0","0"
"9",2021-02-07,1,"Geordie  Bay","Out",9,3,"turf",3,"1","0","0","0","0","0","0","0","0","0","0","0","0","0","0"
"10",2021-02-07,1,"Geordie  Bay","Out",10,2,"turf and Ecklonia",3,"1","0","0","0","0","0","0","0","0","0","0","0","0","0","0"
"11",2021-02-07,2,"Geordie  Bay","Out",1,3,"turf",2,"0","2","2","0","0","0","0","0","0","0","0","0","0","0","0"
"12",2021-02-07,2,"Geordie  Bay","Out",2,2,"turf",2.5,"1","0","0","0","0","0","0","0","0","0","0","0","0","0","0"
"13",2021-02-07,2,"Geordie  Bay","Out",3,2,"turf",2,"1","0","0","0","0","0","0","0","0","0","0","0","0","0","0"
"14",2021-02-07,2,"Geordie  Bay","Out",4,2,"turf",2,"0","0","0","1","0","0","0","0","0","0","0","0","0","0","0"
"15",2021-02-07,2,"Geordie  Bay","Out",5,1,"turf",2.5,"1","0","0","0","0","0","0","0","0","0","0","0","0","0","0"
"16",2021-02-07,2,"Geordie  Bay","Out",6,2,"Ecklonia",2,"1","0","0","0","0","0","0","0","0","0","0","0","0","0","0"
"17",2021-02-07,2,"Geordie  Bay","Out",7,1,"Ecklonia",2,"1","0","0","0","0","0","0","0","0","0","0","0","0","0","0"
"18",2021-02-07,2,"Geordie  Bay","Out",8,1,"Ecklonia",2,"1","0","0","0","0","0","0","0","0","0","0","0","0","0","0"
"19",2021-02-07,3,"Geordie  Bay","Out",1,2,"turf",1.5,"1","0","0","0","0","0","0","0","0","0","0","0","0","0","0"
"20",2021-02-07,3,"Geordie  Bay","Out",2,3,"turf",2.5,"1","0","0","0","0","0","0","0","0","0","0","0","0","0","0"
"21",2021-02-07,3,"Geordie  Bay","Out",3,3,"turf and Ecklonia",2,"1","0","0","0","0","0","0","0","0","0","0","0","0","0","0"
"22",2021-02-07,3,"Geordie  Bay","Out",4,1,"turf",2,"1","0","0","0","0","0","0","0","0","0","0","0","0","0","0"
"23",2021-02-07,3,"Geordie  Bay","Out",5,0,"turf and seagrass and Ecklonia",2,"1","0","0","0","0","0","0","0","0","0","0","0","0","0","0"
"24",2021-02-07,3,"Geordie  Bay","Out",6,1,"turf",1.5,"1","0","0","0","0","0","0","0","0","0","0","0","0","0","0"
"25",2021-02-07,3,"Geordie  Bay","Out",7,2,"turf and seagrass",1.5,"1","0","0","0","0","0","0","0","0","0","0","0","0","0","0"
"26",2021-02-07,3,"Geordie  Bay","Out",8,3,"turf",1.5,"1","0","0","0","0","0","0","0","0","0","0","0","0","0","0"
"27",2021-02-07,4,"Geordie  Bay","Out",1,3,"turf and Ecklonia",2,"0","0","0","0","1","0","0","0","0","0","0","0","0","0","0"
"28",2021-02-07,4,"Geordie  Bay","Out",2,3,"turf and Ecklonia",1.5,"1","0","0","0","0","0","0","0","0","0","0","0","0","0","0"
"29",2021-02-07,4,"Geordie  Bay","Out",3,1,"turf",1,"1","0","0","0","0","0","0","0","0","0","0","0","0","0","0"
"30",2021-02-07,4,"Geordie  Bay","Out",4,2,"turf and Ecklonia",2.5,"1","0","0","0","0","0","0","0","0","0","0","0","0","0","0"
"31",2021-02-07,4,"Geordie  Bay","Out",5,2,"turf and Sargassum",3,"1","0","0","0","0","0","0","0","0","0","0","0","0","0","0"
"32",2021-02-07,4,"Geordie  Bay","Out",6,2,"turf and Sargassum",3,"1","0","0","0","0","0","0","0","0","0","0","0","0","0","0"
"33",2021-02-07,4,"Geordie  Bay","Out",7,2,"turf and Ecklonia",3,"1","0","0","0","0","0","0","0","0","0","0","0","0","0","0"
"34",2021-02-07,4,"Geordie  Bay","Out",8,2,"turf and Ecklonia",3,"1","0","0","0","0","0","0","0","0","0","0","0","0","0","0"
"35",2021-02-08,1,"Parker Point","In",1,2,"turf",2,"0","0","0","0","0","1","0","0","0","0","0","0","0","0","0"
"36",2021-02-08,1,"Parker Point","In",2,2,"turf",2,"1","0","0","0","0","0","0","0","0","0","0","0","0","0","0"
"37",2021-02-08,1,"Parker Point","In",3,2,"turf",2,"0","0","1","0","0","2","1","0","0","0","0","0","0","0","0"
"38",2021-02-08,1,"Parker Point","In",4,3,"turf and Ecklonia",2,"1","0","0","0","0","0","0","0","0","0","0","0","0","0","0"
"39",2021-02-08,1,"Parker Point","In",5,2,"turf and Ecklonia",2,"1","0","0","0","0","0","0","0","0","0","0","0","0","0","0"
"40",2021-02-08,1,"Parker Point","In",6,2,"red algae and green algae",2,"1","0","0","0","0","0","0","0","0","0","0","0","0","0","0"
"41",2021-02-08,1,"Parker Point","In",7,2,"turf",2,"1","0","0","0","0","0","0","0","0","0","0","0","0","0","0"
"42",2021-02-08,1,"Parker Point","In",8,3,"turf and Ecklonia",2,"1","0","0","0","0","0","0","0","0","0","0","0","0","0","0"
"43",2021-02-08,1,"Parker Point","In",9,2,"turf and red algae",2,"0","0","0","0","0","1","0","1","1","0","0","0","0","0","0"
"44",2021-02-08,1,"Parker Point","In",10,1,"turf",2,"0","0","0","0","0","0","0","0","1","0","0","0","0","0","0"
"45",2021-02-08,1,"Parker Point","In",11,4,"turf",2,"0","0","0","0","0","0","0","0","1","0","0","0","0","0","0"
"46",2021-02-08,1,"Parker Point","Out",1,3,"Ecklonia",2,"1","0","0","0","0","0","0","0","0","0","0","0","0","0","0"
"47",2021-02-08,1,"Parker Point","Out",2,1,"Ecklonia",1.5,"1","0","0","0","0","0","0","0","0","0","0","0","0","0","0"
"48",2021-02-08,1,"Parker Point","Out",3,3,"turf and seagrass",1.5,"1","0","0","0","0","0","0","0","0","0","0","0","0","0","0"
"49",2021-02-08,1,"Parker Point","Out",4,3,"turf and seagrass",2.5,"1","0","0","0","0","0","0","0","0","0","0","0","0","0","0"
"50",2021-02-08,1,"Parker Point","Out",5,1,"turf and seagrass and Ecklonia",2,"1","0","0","0","0","0","0","0","0","0","0","0","0","0","0"
"51",2021-02-08,1,"Parker Point","Out",6,1,"turf",1.5,"1","0","0","0","0","0","0","0","0","0","0","0","0","0","0"
"52",2021-02-08,1,"Parker Point","Out",7,4,"turf",2,"1","0","0","0","0","0","0","0","0","0","0","0","0","0","0"
"53",2021-02-08,1,"Parker Point","Out",8,2,"turf and Ecklonia",3,"1","0","0","0","0","0","0","0","0","0","0","0","0","0","0"
"54",2021-02-08,1,"Parker Point","Out",9,3,"Ecklonia",2.5,"1","0","0","0","0","0","0","0","0","0","0","0","0","0","0"
"55",2021-02-08,1,"Parker Point","Out",10,2,"turf",1.5,"1","0","0","0","0","0","0","0","0","0","0","0","0","0","0"
"56",2021-02-08,2,"Parker Point","In",1,2,"turf and brown algae",2,"1","0","0","0","0","0","0","0","0","0","0","0","0","0","0"
"57",2021-02-08,2,"Parker Point","In",2,2,"turf and red algae",1.5,"0","1","0","0","0","0","0","0","0","0","0","0","0","0","0"
"58",2021-02-08,2,"Parker Point","In",3,2,"turf and Ecklonia",2,"1","0","0","0","0","0","0","0","0","0","0","0","0","0","0"
"59",2021-02-08,2,"Parker Point","In",4,2,"turf",2,"1","0","0","0","0","0","0","0","0","0","0","0","0","0","0"
"60",2021-02-08,2,"Parker Point","In",5,2,"turf and Ecklonia and red algae",2.5,"1","0","0","0","0","0","0","0","0","0","0","0","0","0","0"
"61",2021-02-08,2,"Parker Point","In",6,3,"turf and red algae",2,"0","0","0","0","0","0","0","0","0","1","0","0","0","0","0"
"62",2021-02-08,2,"Parker Point","In",7,2,"turf and red algae and green algae",2,"1","0","0","0","0","0","0","0","0","0","0","0","0","0","0"
"63",2021-02-08,2,"Parker Point","In",8,2,"turf and brown algae",2,"0","0","0","0","0","0","0","0","1","0","0","0","0","0","0"
"64",2021-02-08,2,"Parker Point","In",9,2,"turf and Ecklonia",2,"1","0","0","0","0","0","0","0","0","0","0","0","0","0","0"
"65",2021-02-08,2,"Parker Point","In",10,3,"turf",2,"1","0","0","0","0","0","0","0","0","0","0","0","0","0","0"
"66",2021-02-08,2,"Parker Point","In",11,3,"turf and Ecklonia",3,"0","0","2","0","0","0","0","0","0","0","1","0","0","0","0"
"67",2021-02-08,2,"Parker Point","Out",1,1,"turf",1,"1","0","0","0","0","0","0","0","0","0","0","0","0","0","0"
"68",2021-02-08,2,"Parker Point","Out",2,2,"turf",1,"1","0","0","0","0","0","0","0","0","0","0","0","0","0","0"
"69",2021-02-08,2,"Parker Point","Out",3,1,"sargassum",1,"1","0","0","0","0","0","0","0","0","0","0","0","0","0","0"
"70",2021-02-08,2,"Parker Point","Out",4,1,"turf and seagrass",1.5,"1","0","0","0","0","0","0","0","0","0","0","0","0","0","0"
"71",2021-02-08,2,"Parker Point","Out",5,2,"turf and seagrass",1.75,"1","0","0","0","0","0","0","0","0","0","0","0","0","0","0"
"72",2021-02-08,2,"Parker Point","Out",6,1,"turf and sargassum",1.75,"1","0","0","0","0","0","0","0","0","0","0","0","0","0","0"
"73",2021-02-08,2,"Parker Point","Out",7,2,"turf",1.5,"1","0","0","0","0","0","0","0","0","0","0","0","0","0","0"
"74",2021-02-08,2,"Parker Point","Out",8,1,"turf",1,"1","0","0","0","0","0","0","0","0","0","0","0","0","0","0"
"75",2021-02-08,2,"Parker Point","Out",9,1,"turf",1,"1","0","0","0","0","0","0","0","0","0","0","0","0","0","0"
"76",2021-02-08,2,"Parker Point","Out",10,1,"turf",1.75,"1","0","0","0","0","0","0","0","0","0","0","0","0","0","0"
"77",2021-02-08,3,"Parker Point","In",1,3,"turf and seagrass and Ecklonia",2,"1","0","0","0","0","0","0","0","0","0","0","0","0","0","0"
"78",2021-02-08,3,"Parker Point","In",2,4,"turf and Ecklonia",1.5,"1","0","0","0","0","0","0","0","0","0","0","0","0","0","0"
"79",2021-02-08,3,"Parker Point","In",3,3,"turf and seagrass and Ecklonia",2.5,"1","0","0","0","0","0","0","0","0","0","0","0","0","0","0"
"80",2021-02-08,3,"Parker Point","In",4,4,"turf and seagrass and Ecklonia",2.5,"1","0","0","0","0","0","0","0","0","0","0","0","0","0","0"
"81",2021-02-08,3,"Parker Point","In",5,3,"turf and Ecklonia",2.5,"1","0","0","0","0","0","0","0","0","0","0","0","0","0","0"
"82",2021-02-08,3,"Parker Point","In",6,3,"turf and seagrass",2,"1","0","0","0","0","0","0","0","0","0","0","0","0","0","0"
"83",2021-02-08,3,"Parker Point","In",7,4,"turf and Ecklonia",3,"1","0","0","0","0","0","0","0","0","0","0","0","0","0","0"
"84",2021-02-08,3,"Parker Point","In",8,3,"turf and Ecklonia",2,"1","0","0","0","0","0","0","0","0","0","0","0","0","0","0"
"85",2021-02-08,3,"Parker Point","In",9,4,"turf and Ecklonia",2,"1","0","0","0","0","0","0","0","0","0","0","0","0","0","0"
"86",2021-02-08,3,"Parker Point","Out",1,3,"turf and seagrass and Ecklonia",2,"1","0","0","0","0","0","0","0","0","0","0","0","0","0","0"
"87",2021-02-08,3,"Parker Point","Out",2,4,"turf and Ecklonia",1.5,"1","0","0","0","0","0","0","0","0","0","0","0","0","0","0"
"88",2021-02-08,3,"Parker Point","Out",3,3,"turf and seagrass and Ecklonia",2.5,"1","0","0","0","0","0","0","0","0","0","0","0","0","0","0"
"89",2021-02-08,3,"Parker Point","Out",4,4,"turf and seagrass and Ecklonia",2.5,"1","0","0","0","0","0","0","0","0","0","0","0","0","0","0"
"90",2021-02-08,3,"Parker Point","Out",5,3,"turf and Ecklonia",2.5,"1","0","0","0","0","0","0","0","0","0","0","0","0","0","0"
"91",2021-02-08,3,"Parker Point","Out",6,3,"turf and seagrass",2,"1","0","0","0","0","0","0","0","0","0","0","0","0","0","0"
"92",2021-02-08,3,"Parker Point","Out",7,4,"turf and Ecklonia",3,"1","0","0","0","0","0","0","0","0","0","0","0","0","0","0"
"93",2021-02-08,3,"Parker Point","Out",8,3,"turf and Ecklonia",2,"1","0","0","0","0","0","0","0","0","0","0","0","0","0","0"
"94",2021-02-08,3,"Parker Point","Out",9,4,"turf and Ecklonia",2,"1","0","0","0","0","0","0","0","0","0","0","0","0","0","0"
"95",2021-02-08,4,"Parker Point","Out",1,3,"turf and Ecklonia and red algae and green algae",2.5,"1","0","0","0","0","0","0","0","0","0","0","0","0","0","0"
"96",2021-02-08,4,"Parker Point","Out",2,3,"turf and red algae and brown algae",2,"1","0","0","0","0","0","0","0","0","0","0","0","0","0","0"
"97",2021-02-08,4,"Parker Point","Out",3,4,"turf and Ecklonia and red algae and green algae",2.5,"0","0","0","0","0","0","0","0","1","0","0","0","0","0","0"
"98",2021-02-08,4,"Parker Point","Out",4,3,"turf and seagrass and Ecklonia red algae",2,"1","0","0","0","0","0","0","0","0","0","0","0","0","0","0"
"99",2021-02-08,4,"Parker Point","Out",5,4,"turf and Ecklonia and red algae and green algae",2,"1","0","0","0","0","0","0","0","0","0","0","0","0","0","0"
"100",2021-02-08,4,"Parker Point","Out",6,4,"turf and Ecklonia and green algae",2,"0","0","1","0","0","0","0","0","0","0","0","0","0","0","0"
"101",2021-02-08,4,"Parker Point","Out",7,4,"turf and Ecklonia and red algae and green algae",2,"1","0","0","0","0","0","0","0","0","0","0","0","0","0","0"
"102",2021-02-08,4,"Parker Point","Out",8,3,"turf and Ecklonia and red algae and green algae",2,"1","0","0","0","0","0","0","0","0","0","0","0","0","0","0"
"103",2021-02-08,4,"Parker Point","Out",9,4,"turf and Ecklonia and red algae and green algae",2,"1","0","0","0","0","0","0","0","0","0","0","0","0","0","0"
"104",2021-02-08,4,"Parker Point","Out",10,3,"turf and Ecklonia and red algae",2,"1","0","0","0","0","0","0","0","0","0","0","0","0","0","0"
"105",2021-02-09,NA,"Green Island","In",1,2,"turf and Ecklonia",1.5,"1","0","0","0","0","0","0","0","0","0","0","0","0","0","0"
"106",2021-02-09,NA,"Green Island","In",2,3,"turf",1,"1","0","0","0","0","0","0","0","0","0","0","0","0","0","0"
"107",2021-02-09,NA,"Green Island","In",3,4,"turf and rock",1,"0","0","0","0","0","0","0","0","1","0","0","0","0","0","0"
"108",2021-02-09,NA,"Green Island","In",4,2,"turf, Sargassum, Ecklonia, CCA",1.5,"1","0","0","0","0","0","0","0","0","0","0","0","0","0","0"
"109",2021-02-09,NA,"Green Island","In",5,3,"Ecklonia and Red Algae",2,"1","0","0","0","0","0","0","0","0","0","0","0","0","0","0"
"110",2021-02-09,NA,"Green Island","In",6,1,"Ecklonia",2,"1","0","0","0","0","0","0","0","0","0","0","0","0","0","0"
"111",2021-02-09,NA,"Green Island","In",7,3,"turf and Ecklonia and Red Algae",2,"1","0","0","0","0","0","0","0","0","0","0","0","0","0","0"
"112",2021-02-09,NA,"Green Island","In",8,2,"Ecklonia",2.5,"1","0","0","0","0","0","0","0","0","0","0","0","0","0","0"
"113",2021-02-09,NA,"Green Island","In",9,3,"Ecklonia",3,"1","0","0","0","0","0","0","0","0","0","0","0","0","0","0"
"114",2021-02-09,NA,"Green Island","In",10,3,"Ecklonia",3,"1","0","0","0","0","0","0","0","0","0","0","0","0","0","0"
"115",2021-02-09,NA,"Green Island IN","In",1,2,"turf and Ecklonia",1.5,"1","0","0","0","0","0","0","0","0","0","0","0","0","0","0"
"116",2021-02-09,NA,"Green Island IN","In",2,3,"Ecklonia",2.5,"0","6","15","0","0","0","0","0","0","0","0","0","0","0","0"
"117",2021-02-09,NA,"Green Island IN","In",3,3,"Ecklonia",3,"1","0","0","0","0","0","0","0","0","0","0","0","0","0","0"
"118",2021-02-09,NA,"Green Island IN","In",4,2,"Ecklonia",3,"1","0","0","0","0","0","0","0","0","0","0","0","0","0","0"
"119",2021-02-09,NA,"Green Island IN","In",5,3,"turf and Ecklonia",3.5,"0","0","0","0","0","0","0","4","1","0","0","1","0","0","0"
"120",2021-02-09,NA,"Green Island IN","In",6,2,"Ecklonia",3,"1","0","0","0","0","0","0","0","0","0","0","0","0","0","0"
"121",2021-02-09,NA,"Green Island IN","In",7,3,"Ecklonia",3,"0","2","3","0","0","0","0","0","0","0","1","0","0","0","0"
"122",2021-02-09,NA,"Green Island IN","In",8,3,"Ecklonia",2,"0","0","4","0","0","0","0","0","0","0","3","0","0","0","0"
"123",2021-02-09,NA,"Green Island IN","In",9,2,"Ecklonia",2.5,"0","0","0","0","0","0","0","0","0","0","0","0","1","0","0"
"124",2021-02-09,NA,"Green Island IN","In",10,2,"Ecklonia",3.5,"0","0","0","0","0","0","0","3","2","0","0","0","0","0","0"
"125",2021-02-09,NA,"Green Island IN","In",11,3,"Ecklonia",3.5,"0","0","6","0","0","0","0","0","2","0","4","0","0","0","0"
"126",2021-02-09,NA,"Salmon West","In",1,2,"Ecklonia",3,"1","0","0","0","0","0","0","0","0","0","0","0","0","0","0"
"127",2021-02-09,NA,"Salmon West","In",2,2,"Sargassum and Ecklonia",3,"1","0","0","0","0","0","0","0","0","0","0","0","0","0","0"
"128",2021-02-09,NA,"Salmon West","In",3,1,"Ecklonia",3,"1","0","0","0","0","0","0","0","0","0","0","0","0","0","0"
"129",2021-02-09,NA,"Salmon West","In",4,3,"turf",4,"1","0","0","0","0","0","0","0","0","0","0","0","0","0","0"
"130",2021-02-09,NA,"Salmon West","In",5,3,"turf and Ecklonia",4,"1","0","0","0","0","0","0","0","0","0","0","0","0","0","0"
"131",2021-02-09,NA,"Salmon West","In",6,1,"turf and Ecklonia",5,"1","0","0","0","0","0","0","0","0","0","0","0","0","0","0"
"132",2021-02-09,NA,"Salmon West","In",7,2,"turf and Ecklonia",5,"1","0","0","0","0","0","0","0","0","0","0","0","0","0","0"
"133",2021-02-09,NA,"Salmon West","In",8,2,"turf and Ecklonia",5,"1","0","0","0","0","0","0","0","0","0","0","0","0","0","0"
"134",2021-02-09,NA,"Salmon West","In",9,1,"turf and Ecklonia",4,"1","0","0","0","0","0","0","0","0","0","0","0","0","0","0"
"135",2021-02-09,NA,"Salmon West","In",10,3,"turf and Ecklonia",5,"1","0","0","0","0","0","0","0","0","0","0","0","0","0","0"
"136",2021-02-09,NA,"Strickland East","Out",1,1,"Ecklonia and CCA",2.5,"1","0","0","0","0","0","0","0","0","0","0","0","0","0","0"
"137",2021-02-09,NA,"Strickland East","Out",1,2,"Ecklonia, Turf and red algae",5,"1","0","0","0","0","0","0","0","0","0","0","0","0","0","0"
"138",2021-02-09,NA,"Strickland East","Out",1,3,"turf, Ecklonia and Sargassum",2,"1","0","0","0","0","0","0","0","0","0","0","0","0","0","0"
"139",2021-02-09,NA,"Strickland East","Out",2,2,"Ecklonia",2.5,"1","0","0","0","0","0","0","0","0","0","0","0","0","0","0"
"140",2021-02-09,NA,"Strickland East","Out",2,2,"Ecklonia, Sargassum, Red algae",2,"1","0","0","0","0","0","0","0","0","0","0","0","0","0","0"
"141",2021-02-09,NA,"Strickland East","Out",2,4,"turf, Ecklonia and Sargassum",2,"1","0","0","0","0","0","0","0","0","0","0","0","0","0","0"
"142",2021-02-09,NA,"Strickland East","Out",3,3,"Turf and Ecklonia",3,"1","0","0","0","0","0","0","0","0","0","0","0","0","0","0"
"143",2021-02-09,NA,"Strickland East","Out",3,3,"turf, Ecklonia and Sargassum",2.5,"0","1","0","0","0","0","0","0","0","0","0","0","0","0","0"
"144",2021-02-09,NA,"Strickland East","Out",3,3,"Brown algae and turf",2,"0","0","1","0","0","0","0","0","0","0","1","0","1","0","0"
"145",2021-02-09,NA,"Strickland East","Out",4,2,"Turf and CCA",1.5,"1","0","0","0","0","0","0","0","0","0","0","0","0","0","0"
"146",2021-02-09,NA,"Strickland East","Out",4,3,"Ecklonia",3,"0","1","0","0","0","1","0","0","0","0","0","0","0","0","0"
"147",2021-02-09,NA,"Strickland East","Out",4,4,"Ecklonia, Sargassum and Red Algae",3,"0","0","0","0","0","0","0","0","1","0","0","0","0","0","0"
"148",2021-02-09,NA,"Strickland East","Out",5,2,"CCA and turf and Sargassum",1,"1","0","0","0","0","0","0","0","0","0","0","0","0","0","0"
"149",2021-02-09,NA,"Strickland East","Out",5,3,"Ecklonia, Sargassum, Red algae, turf",2.5,"1","0","0","0","0","0","0","0","0","0","0","0","0","0","0"
"150",2021-02-09,NA,"Strickland East","Out",5,3,"Sargassum, Turf, Ecklonia and  Red Algae",3,"1","0","0","0","0","0","0","0","0","0","0","0","0","0","0"
"151",2021-02-09,NA,"Strickland East","Out",6,2,"Ecklonia, Amphibolis Anatarctica, Eckonia, Sargassum",1.5,"1","0","0","0","0","0","0","0","0","0","0","0","0","0","0"
"152",2021-02-09,NA,"Strickland East","Out",6,2,"Ecklonia, Sargassum and Red Algae",2,"1","0","0","0","0","0","0","0","0","0","0","0","0","0","0"
"153",2021-02-09,NA,"Strickland East","Out",6,3,"Ecklonia, Sargassum, Turf, and CCA",1,"0","0","1","0","0","0","0","0","0","0","0","0","0","0","0"
"154",2021-02-09,NA,"Strickland East","Out",7,1,"Turf and Ecklonia",1.5,"1","0","0","0","0","0","0","0","0","0","0","0","0","0","0"
"155",2021-02-09,NA,"Strickland East","Out",7,3,"Ecklonia, Sargassum, turf and Red Algae",2,"0","0","2","0","3","5","0","0","0","0","0","0","0","0","0"
"156",2021-02-09,NA,"Strickland East","Out",7,2,"turf",1,"0","0","0","0","0","0","0","0","1","0","0","0","0","0","0"
"157",2021-02-09,NA,"Strickland East","Out",8,3,"turf and Sargassum",1.5,"1","0","0","0","0","0","0","0","0","0","0","0","0","0","0"
"158",2021-02-09,NA,"Strickland East","Out",8,4,"turf, Ecklonia and Sargassum",1,"0","2","0","0","0","0","1","2","0","0","0","0","0","0","0"
"159",2021-02-09,NA,"Strickland East","Out",8,3,"Ecklonia and Turf",2,"0","0","0","0","0","0","0","5","1","0","0","0","1","0","0"
"160",2021-02-09,NA,"Strickland East","Out",9,1,"turf and Ecklonia",1.5,"1","0","0","0","0","0","0","0","0","0","0","0","0","0","0"
"161",2021-02-09,NA,"Strickland East","Out",9,2,"turf snd sargassum",2,"0","0","1","0","0","0","0","0","0","0","0","0","0","0","0"
"162",2021-02-09,NA,"Strickland East","Out",9,4,"Ecklonia, red algae and turf",3,"0","0","1","0","0","0","0","0","0","0","0","0","0","0","0"
"163",2021-02-09,NA,"Strickland East","Out",10,2,"turf and Sargassum",1.5,"1","0","0","0","0","0","0","0","0","0","0","0","0","0","0"
"164",2021-02-09,NA,"Strickland East","Out",10,4,"Ecklonia, red algae and turf",4,"1","0","0","0","0","0","0","0","0","0","0","0","0","0","0"
"165",2021-02-09,NA,"Strickland East","Out",10,2,"turf, Ecklonia and Sargassum",1.5,"0","1","0","0","0","1","0","0","0","0","0","0","0","0","0"
"166",2021-02-09,NA,"Strickland East","Out",11,4,"turf, Sargassum and CCA",1,"0","0","1","0","0","2","0","0","0","0","0","0","0","1","0"
"167",2021-02-09,NA,"West Salmon","In",1,4,"Turf, Ecklonia",4,"0","0","0","0","0","0","0","0","1","0","0","0","0","0","0"
"168",2021-02-09,NA,"West Salmon","In",2,3,"Ecklonia and Sargassum",4,"0","0","1","0","0","1","0","1","1","0","0","0","0","0","0"
"169",2021-02-09,NA,"West Salmon","In",3,3,"Ecklonia and Sargassum",4,"0","0","0","0","0","1","0","0","0","0","0","0","0","0","0"
"170",2021-02-09,NA,"West Salmon","In",4,3,"Ecklonia and Sargassum and red algae",4,"1","0","0","0","0","0","0","0","0","0","0","0","0","0","0"
"171",2021-02-09,NA,"West Salmon","In",5,3,"Ecklonia and Sargassum and red algae",4,"0","0","0","0","0","0","0","1","0","0","0","0","0","0","0"
"172",2021-02-09,NA,"West Salmon","In",6,4,"Ecklonia and Red Algae",3.5,"0","0","1","0","0","0","0","0","0","0","0","0","0","0","0"
"173",2021-02-09,NA,"West Salmon","In",7,2,"Ecklonia and Red Algae",3.5,"1","0","0","0","0","0","0","0","0","0","0","0","0","0","0"
"174",2021-02-09,NA,"West Salmon","In",8,2,"Ecklonia and Red Algae",4,"1","0","0","0","0","0","0","0","0","0","0","0","0","0","0"
"175",2021-02-09,NA,"West Salmon","In",9,4,"Ecklonia and Sargassum and red algae",4,"0","1","0","0","0","0","0","0","0","0","0","0","0","0","0"
"176",2021-02-09,NA,"West Salmon","In",10,4,"Ecklonia and Sargassum",4,"0","0","0","0","0","1","0","1","1","0","0","0","0","0","0"
"177",2021-10-02,NA,"Little Armstrong","In",1,1,"Ecklonia, Sargassum, turf and Red Algae",3.5,"1","0","0","0","0","0","0","0","0","0","0","0","0","0","0"
"178",2021-10-02,NA,"Little Armstrong","In",1,2,"Turf, Brown Algae",4.5,"1","0","0","0","0","0","0","0","0","0","0","0","0","0","0"
"179",2021-10-02,NA,"Little Armstrong","In",2,2,"Turf, Brown Algae",2.5,"1","0","0","0","0","0","0","0","0","0","0","0","0","0","0"
"180",2021-10-02,NA,"Little Armstrong","In",2,3,"Ecklonia, Sargassum and Red Algae",3.5,"0","2","1","0","0","0","0","5","1","0","0","0","0","0","0"
"181",2021-10-02,NA,"Little Armstrong","In",3,2,"Turf, Brown Algae",2.5,"1","0","0","0","0","0","0","0","0","0","0","0","0","0","0"
"182",2021-10-02,NA,"Little Armstrong","In",3,3,"CCA, Ecklonia, AG",2.5,"1","0","0","0","0","0","0","0","0","0","0","0","0","0","0"
"183",2021-10-02,NA,"Little Armstrong","In",4,3,"Ecklonia, Sargassum",2.5,"0","1","0","0","0","2","0","1","0","0","0","0","0","0","0"
"184",2021-10-02,NA,"Little Armstrong","In",4,3,"Turf, Brown Algae",3,"0","1","1","0","0","1","0","0","0","0","2","0","0","0","0"
"185",2021-10-02,NA,"Little Armstrong","In",5,2,"Turf, Brown Algae, Red Algae",4,"0","0","0","0","0","1","0","0","0","0","0","0","0","0","0"
"186",2021-10-02,NA,"Little Armstrong","In",5,3,"Sargassum, CCA, turf",2.5,"0","0","0","0","0","1","0","0","0","0","0","0","0","0","0"
"187",2021-10-02,NA,"Little Armstrong","In",6,3,"Sargassum, CCA, turf",2,"0","0","0","0","0","0","2","0","0","0","0","0","0","0","0"
"188",2021-10-02,NA,"Little Armstrong","In",6,4,"Turf, Brown Algae, Red Alge",4.5,"0","0","1","0","0","1","0","3","1","0","0","0","0","0","0"
"189",2021-10-02,NA,"Little Armstrong","In",7,2,"CCA, Turf",2,"1","0","0","0","0","0","0","0","0","0","0","0","0","0","0"
"190",2021-10-02,NA,"Little Armstrong","In",7,3,"Turf, Brown Algae, Red Alge",3,"0","0","2","0","0","1","0","1","0","0","0","0","0","1","0"
"191",2021-10-02,NA,"Little Armstrong","In",8,2,"Ecklonia, Turf",3,"1","0","0","0","0","0","0","0","0","0","0","0","0","0","0"
"192",2021-10-02,NA,"Little Armstrong","In",8,2,"Turf",6,"1","0","0","0","0","0","0","0","0","0","0","0","0","0","0"
"193",2021-10-02,NA,"Little Armstrong","In",9,2,"Sargassum, Turf, CCA",3.5,"1","0","0","0","0","0","0","0","0","0","0","0","0","0","0"
"194",2021-10-02,NA,"Little Armstrong","In",9,4,"Turf, Brown Algae",4,"0","2","0","0","0","3","0","1","0","0","0","0","0","0","0"
"195",2021-10-02,NA,"Little Armstrong","In",10,4,"Turf, Brown Algae, Red Algae",3.5,"0","0","2","0","0","0","0","3","0","0","3","0","0","2","0"
"196",2021-10-02,NA,"Little Armstrong","In",10,3,"Ecklonia, Turf",3,"0","1","0","0","0","0","0","0","0","0","0","0","0","0","0"
"197",2021-10-02,NA,"Little Armstrong","In",11,2,"CCA, Turf",2,"1","0","0","0","0","0","0","0","0","0","0","0","0","0","0"
"198",2021-10-02,NA,"Little Armstrong","In",11,2,"Eckolonia, Turf",3.5,"0","1","1","0","0","0","0","0","0","0","0","0","0","0","0"
"199",2021-10-02,NA,"Little Armstrong","In",12,2,"CCA, Sargassum, Turf",2,"1","0","0","0","0","0","0","0","0","0","0","0","0","0","0"
"200",2021-10-02,NA,"Little Armstrong","In",12,2,"Eckolonia, Turf",3,"1","0","0","0","0","0","0","0","0","0","0","0","0","0","0"
"201",2021-10-02,NA,"Little Armstrong","In",13,1,"Turf, Red Algae",2,"1","0","0","0","0","0","0","0","0","0","0","0","0","0","0"
"202",2021-10-02,NA,"Little Armstrong","In",13,2,"Turf",2,"1","0","0","0","0","0","0","0","0","0","0","0","0","0","0"
"203",2021-10-02,NA,"Little Armstrong","In",14,3,"Turf, Red Algae",4,"0","0","0","0","1","0","0","2","0","0","1","0","0","0","0"
"204",2021-10-02,NA,"Little Armstrong","In",14,2,"CCA, Turf, Sargassum",2,"0","1","0","0","0","0","0","0","0","0","0","0","0","0","0"
"205",2021-10-02,NA,"Little Armstrong","In",15,2,"Turf",2,"1","0","0","0","0","0","0","0","0","0","0","0","0","0","0"
"206",2021-10-02,NA,"Little Armstrong","In",15,2,"Turf, Red Algae",4,"1","0","0","0","0","0","0","0","0","0","0","0","0","0","0"
"207",2021-10-02,NA,"Little Armstrong","In",16,1,"Sargassum, Red Algae, Turf, Brown Algae",2,"1","0","0","0","0","0","0","0","0","0","0","0","0","0","0"
"208",2021-10-02,NA,"Little Armstrong","In",16,2,"Turf, Red Algae",4,"1","0","0","0","0","0","0","0","0","0","0","0","0","0","0"
"209",2021-10-02,NA,"Little Armstrong","In",17,1,"Turf, Red Algae",3,"1","0","0","0","0","0","0","0","0","0","0","0","0","0","0"
"210",2021-10-02,NA,"Little Armstrong","In",17,2,"Ecklonia, CCA, Turf",2,"0","0","1","0","0","0","0","0","0","0","0","0","0","0","0"
"211",2021-10-02,NA,"Little Armstrong","In",18,4,"CCA, Turf, Sargassum",2.5,"0","1","0","0","0","0","1","0","0","0","0","0","0","0","0"
"212",2021-10-02,NA,"Little Armstrong","In",18,4,"Ecklonia, Turf, Red Alge",5,"0","0","1","0","0","0","0","0","0","0","0","0","0","0","0"
"213",2021-10-02,NA,"Little Armstrong","In",19,4,"Sargassum, Turf, Red Algae, Brown Algae",3,"0","0","0","0","0","0","0","0","0","1","0","0","0","0","0"
"214",2021-10-02,NA,"Little Armstrong","In",19,2,"Ecklonia, Turf, Red Alge",5,"0","1","0","0","0","0","0","0","0","0","0","0","0","0","0"
"215",2021-10-02,NA,"Little Armstrong","In",20,2,"Ecklonia, Turf, Red Alge",4.5,"1","0","0","0","0","0","0","0","0","0","0","0","0","0","0"
"216",2021-11-02,NA,"Fairbridge","Out",1,2,"Turf, CCA, Seagrass",1,"1","0","0","0","0","0","0","0","0","0","0","0","0","0","0"
"217",2021-11-02,NA,"Fairbridge","Out",1,3,"Turf",1.5,"0","1","0","0","0","1","0","0","0","0","0","0","0","0","0"
"218",2021-11-02,NA,"Fairbridge","Out",1,3,"Kelp, Sargassum, Turf",2.5,"0","1","2","0","0","0","0","0","1","0","0","0","0","0","0"
"219",2021-11-02,NA,"Fairbridge","Out",1,3,"CCA, Turf",0.5,"0","0","0","0","0","0","0","0","1","0","0","0","0","0","0"
"220",2021-11-02,NA,"Fairbridge","Out",2,1,"Turf",1.5,"1","0","0","0","0","0","0","0","0","0","0","0","0","0","0"
"221",2021-11-02,NA,"Fairbridge","Out",2,3,"Red Alge, Turf, Brown Algae",1.2,"1","0","0","0","0","0","0","0","0","0","0","0","0","0","0"
"222",2021-11-02,NA,"Fairbridge","Out",2,3,"Sargassum, Turf, CCA, Pedina, Red Algae",1,"1","0","0","0","0","0","0","0","0","0","0","0","0","0","0"
"223",2021-11-02,NA,"Fairbridge","Out",2,3,"Kelp, Sargassum, Turf",2.5,"0","0","1","0","0","5","0","4","0","0","0","0","0","0","0"
"224",2021-11-02,NA,"Fairbridge","Out",3,2,"Ecklonia, Turf, CCA, Red Algae, Pedina",0.5,"0","0","0","0","0","0","1","0","0","0","0","0","0","0","0"
"225",2021-11-02,NA,"Fairbridge","Out",3,4,"Turf, Sargassum",1,"0","0","0","0","0","0","0","2","0","0","0","0","0","0","0"
"226",2021-11-02,NA,"Fairbridge","Out",3,3,"Turf, Sargassum",1.5,"0","0","0","0","0","1","0","0","1","0","0","0","0","0","0"
"227",2021-11-02,NA,"Fairbridge","Out",3,2,"Kelp, Sargassum, Turf",2.5,"0","1","0","0","0","0","0","0","0","0","0","0","0","0","0"
"228",2021-11-02,NA,"Fairbridge","Out",4,1,"Ecklonia, Turf, Red Algae, Pedina",1,"1","0","0","0","0","0","0","0","0","0","0","0","0","0","0"
"229",2021-11-02,NA,"Fairbridge","Out",4,1,"Turf",1.5,"1","0","0","0","0","0","0","0","0","0","0","0","0","0","0"
"230",2021-11-02,NA,"Fairbridge","Out",4,2,"Sargassum, Turf, Brown Algae",2,"0","1","0","0","0","1","0","1","1","0","0","0","0","0","0"
"231",2021-11-02,NA,"Fairbridge","Out",4,4,"Sargassum, Turf, Red Algae",2,"0","2","6","0","0","0","0","0","0","0","0","0","0","0","0"
"232",2021-11-02,NA,"Fairbridge","Out",5,2,"Turf",2,"1","0","0","0","0","0","0","0","0","0","0","0","0","0","0"
"233",2021-11-02,NA,"Fairbridge","Out",5,2,"Turf, Pedina",1.5,"1","0","0","0","0","0","0","0","0","0","0","0","0","0","0"
"234",2021-11-02,NA,"Fairbridge","Out",5,4,"Sargassum, Turf",2,"0","1","1","0","0","1","0","1","0","0","0","0","0","0","0"
"235",2021-11-02,NA,"Fairbridge","Out",5,3,"CCA, Brown Algae,  Turf",1.5,"0","1","0","0","0","0","0","0","0","0","0","0","0","0","0"
"236",2021-11-02,NA,"Fairbridge","Out",6,1,"Turf",2,"1","0","0","0","0","0","0","0","0","0","0","0","0","0","0"
"237",2021-11-02,NA,"Fairbridge","Out",6,3,"CCA, Brown Algae,  Turf",1,"1","0","0","0","0","0","0","0","0","0","0","0","0","0","0"
"238",2021-11-02,NA,"Fairbridge","Out",6,2,"Turf",1,"0","0","0","0","0","1","0","0","0","0","0","0","0","0","0"
"239",2021-11-02,NA,"Fairbridge","Out",6,3,"Sargassum, Turf, Red Algae",1.5,"0","1","0","0","0","0","0","0","0","0","0","0","0","0","0"
"240",2021-11-02,NA,"Fairbridge","Out",7,2,"Turf, Red Algae, Pedina",1,"1","0","0","0","0","0","0","0","0","0","0","0","0","0","0"
"241",2021-11-02,NA,"Fairbridge","Out",7,3,"Turf",1,"0","0","0","0","0","0","0","0","0","0","0","0","0","1","0"
"242",2021-11-02,NA,"Fairbridge","Out",7,4,"Turf",4,"0","0","1","0","0","1","0","1","0","0","0","0","0","0","0"
"243",2021-11-02,NA,"Fairbridge","Out",7,2,"CCA, Brown Algae,  Turf",1,"0","0","0","0","0","0","0","0","0","0","1","0","0","0","0"
"244",2021-11-02,NA,"Fairbridge","Out",8,1,"P. australensis, Turf",1.5,"1","0","0","0","0","0","0","0","0","0","0","0","0","0","0"
"245",2021-11-02,NA,"Fairbridge","Out",8,2,"Turf, Sargassum",1.5,"1","0","0","0","0","0","0","0","0","0","0","0","0","0","0"
"246",2021-11-02,NA,"Fairbridge","Out",9,2,"Turf",1,"1","0","0","0","0","0","0","0","0","0","0","0","0","0","0"
"247",2021-11-02,NA,"Fairbridge","Out",9,3,"Turf",1,"0","2","2","0","0","0","0","0","1","0","0","0","0","0","0"
"248",2021-11-02,NA,"Fairbridge","Out",10,1,"Turf",1,"1","0","0","0","0","0","0","0","0","0","0","0","0","0","0"
"249",2021-11-02,NA,"Fairbridge","Out",10,1,"Turf",1.5,"1","0","0","0","0","0","0","0","0","0","0","0","0","0","0"
"250",2021-11-02,NA,"Fairbridge","Out",11,NA,"Sargassum, Turf, Red Algae",1.5,"0","0","0","0","0","2","0","2","0","0","0","0","0","0","0"
"251",2021-11-02,NA,"Salmon East","In",1,1,"CCA, Turf",1,"1","0","0","0","0","0","0","0","0","0","0","0","0","0","0"
"252",2021-11-02,NA,"Salmon East","In",1,2,"Turf, Kelp",2,"1","0","0","0","0","0","0","0","0","0","0","0","0","0","0"
"253",2021-11-02,NA,"Salmon East","In",1,2,"Turf, Red Algae",0.5,"1","0","0","0","0","0","0","0","0","0","0","0","0","0","0"
"254",2021-11-02,NA,"Salmon East","In",1,3,"Turf",1,"0","1","0","0","0","1","0","1","0","0","0","0","0","0","0"
"255",2021-11-02,NA,"Salmon East","In",2,2,"Ecklonia, Turf, Sargassum",1,"1","0","0","0","0","0","0","0","0","0","0","0","0","0","0"
"256",2021-11-02,NA,"Salmon East","In",2,2,"Turf, Kelp",2,"1","0","0","0","0","0","0","0","0","0","0","0","0","0","0"
"257",2021-11-02,NA,"Salmon East","In",2,3,"Ecklonia, Turf",1,"0","0","0","0","0","0","0","1","0","0","0","0","0","0","0"
"258",2021-11-02,NA,"Salmon East","In",2,3,"Turf",1,"0","0","0","0","0","0","0","0","0","0","1","0","0","0","0"
"259",2021-11-02,NA,"Salmon East","In",3,1,"Turf",2,"1","0","0","0","0","0","0","0","0","0","0","0","0","0","0"
"260",2021-11-02,NA,"Salmon East","In",3,3,"Ecklonia, Turf",1.6,"1","0","0","0","0","0","0","0","0","0","0","0","0","0","0"
"261",2021-11-02,NA,"Salmon East","In",3,3,"Turf",1,"0","1","0","0","1","0","0","0","0","0","1","0","0","0","1"
"262",2021-11-02,NA,"Salmon East","In",3,3,"Ecklonia, Turf",2,"0","2","1","0","0","0","0","0","1","0","0","0","0","0","0"
"263",2021-11-02,NA,"Salmon East","In",4,3,"CCA, Turf, Red Algae, Ecklonia",1.8,"1","0","0","0","0","0","0","0","0","0","0","0","0","0","0"
"264",2021-11-02,NA,"Salmon East","In",4,3,"Turf",1,"0","0","0","0","0","0","1","1","0","0","0","0","0","0","0"
"265",2021-11-02,NA,"Salmon East","In",4,3,"Ecklonia, Turf",2.5,"0","1","0","0","0","0","0","0","0","0","0","0","0","0","0"
"266",2021-11-02,NA,"Salmon East","In",4,4,"Ecklonia, red algae",3,"0","0","2","0","0","0","0","0","1","0","0","0","0","0","0"
"267",2021-11-02,NA,"Salmon East","In",5,3,"Ecklonia, Turf",2.5,"0","0","0","0","0","0","0","1","0","0","0","0","0","0","0"
"268",2021-11-02,NA,"Salmon East","In",5,2,"Sargassum, Ecklonia, Reg Algae",1,"0","0","0","0","0","1","0","0","0","0","0","0","0","0","0"
"269",2021-11-02,NA,"Salmon East","In",5,3,"Turf",1,"0","0","2","0","0","1","0","0","0","0","0","0","0","0","0"
"270",2021-11-02,NA,"Salmon East","In",5,4,"Ecklonia, Turf, Red Algae",3.5,"0","1","1","0","0","0","0","0","1","0","0","0","1","0","0"
"271",2021-11-02,NA,"Salmon East","In",6,2,"Ecklonia, Turf",2.5,"1","0","0","0","0","0","0","0","0","0","0","0","0","0","0"
"272",2021-11-02,NA,"Salmon East","In",6,4,"CCA, Ecklonia, Turf",1.5,"0","2","1","0","0","1","0","0","2","0","0","0","0","0","0"
"273",2021-11-02,NA,"Salmon East","In",6,2,"Ecklonia, Turf, Sargassum",3.5,"0","3","0","0","0","0","0","0","2","0","0","0","0","0","0"
"274",2021-11-02,NA,"Salmon East","In",6,2,"Turf",1,"0","0","1","0","0","0","0","0","0","0","0","0","0","0","0"
"275",2021-11-02,NA,"Salmon East","In",7,2,"Ecklonia, Turf",2.5,"1","0","0","0","0","0","0","0","0","0","0","0","0","0","0"
"276",2021-11-02,NA,"Salmon East","In",7,3,"Sargassum, Turf",1,"1","0","0","0","0","0","0","0","0","0","0","0","0","0","0"
"277",2021-11-02,NA,"Salmon East","In",7,2,"Ecklonia, Turf, Red Algae",2,"0","1","0","0","0","0","0","0","0","0","0","0","0","0","0"
"278",2021-11-02,NA,"Salmon East","In",7,4,"Ecklonia, Turf, Sargassum",3.5,"0","0","0","0","0","0","0","0","1","0","3","0","0","0","0"
"279",2021-11-02,NA,"Salmon East","In",8,2,"Ecklonia, red algae",1,"1","0","0","0","0","0","0","0","0","0","0","0","0","0","0"
"280",2021-11-02,NA,"Salmon East","In",8,3,"Ecklonia, Turf, Red Algae, Sargassum",3.5,"1","0","0","0","0","0","0","0","0","0","0","0","0","0","0"
"281",2021-11-02,NA,"Salmon East","In",8,3,"Ecklonia, Turf",2.5,"0","1","0","0","0","1","1","1","0","0","0","0","0","0","0"
"282",2021-11-02,NA,"Salmon East","In",8,3,"Turf",1,"0","0","0","0","0","0","0","0","1","0","0","0","0","0","0"
"283",2021-11-02,NA,"Salmon East","In",9,4,"Ecklonia, red algae",2,"0","1","0","0","0","1","0","0","0","0","0","0","0","0","0"
"284",2021-11-02,NA,"Salmon East","In",9,3,"Ecklonia, Turf, Seagrass",3,"0","0","1","0","0","0","0","0","1","0","0","0","0","0","0"
"285",2021-11-02,NA,"Salmon East","In",9,3,"Turf, Red Algae",3,"0","0","3","0","0","0","0","0","1","0","0","0","0","0","0"
"286",2021-11-02,NA,"Salmon East","In",9,3,"Turf",1,"0","0","0","0","0","0","0","0","0","0","1","0","1","0","0"
"287",2021-11-02,NA,"Salmon East","In",10,3,"Ecklonia, Turf, CCA, Red Algae",1.5,"1","0","0","0","0","0","0","0","0","0","0","0","0","0","0"
"288",2021-11-02,NA,"Salmon East","In",10,3,"Turf, Seagrass",3,"0","0","0","0","0","0","1","0","0","0","0","0","0","0","0"
"289",2021-11-02,NA,"Salmon East","In",10,3,"Turf, Seagrass",2.5,"0","0","0","0","0","0","0","1","0","0","0","0","0","0","0"
"290",2021-11-02,NA,"Salmon East","In",10,4,"Ecklonia, Turf, Sargassum",3,"0","3","2","0","0","1","0","1","0","0","0","0","1","0","1"
"291",2021-11-02,NA,"Salmon East","In",10,3,"Turf",1,"0","0","0","0","0","0","0","0","1","0","0","0","0","0","0"
